OntologyID	Description	GeneRatio	pvalue	p.adjust	qvalue
hsa04742	Taste transduction	14/219	3.19646464453667e-09	5.37006060282161e-07	5.37006060282161e-07
