OntologyID	Description	GeneRatio	pvalue	p.adjust	qvalue
DOID:1800	neuroendocrine carcinoma	6/253	4.57001816518585e-05	0.0335439333324641	0.0324230762456343
DOID:6658	pulmonary large cell neuroendocrine carcinoma	3/253	0.00012181850811667	0.0447073924788179	0.0432135128792819
DOID:3382	liposarcoma	4/253	0.000394379752503162	0.0723686845843302	0.0699505139966135
DOID:3939	lipomatous cancer	4/253	0.000394379752503162	0.0723686845843302	0.0699505139966135
